Prscrbr_Geo_Lvl,Prscrbr_Geo_Cd,Prscrbr_Geo_Desc,Brnd_Name,Gnrc_Name,Tot_Prscrbrs,Tot_Clms,Tot_30day_Fills,Tot_Drug_Cst,Tot_Benes,GE65_Sprsn_Flag,GE65_Tot_Clms,GE65_Tot_30day_Fills,GE65_Tot_Drug_Cst,GE65_Bene_Sprsn_Flag,GE65_Tot_Benes,LIS_Bene_Cst_Shr,NonLIS_Bene_Cst_Shr,Opioid_Drug_Flag,Opioid_LA_Drug_Flag,Antbtc_Drug_Flag,Antpsyct_Drug_Flag
State,36,New York,Adacel Tdap,"Diph,pertuss(Acell),tet Vac/Pf",1738,6552,6566,446347.06,6518,,5648,5660,383578.38,,5617,7823.49,130463.75,N,N,N,N
State,36,New York,Amlodipine Besylate,Amlodipine Besylate,41911,3129080,6096991.8,21308610.82,665474,,2813581,5584632.4,19691023.71,,602534,918593.21,6306022.57,N,N,N,N
State,36,New York,Atorvastatin Calcium,Atorvastatin Calcium,41592,3870878,8091945.1,57689002.98,877108,,3395522,7268636.8,51584833.8,,779776,1267690.49,11338793.27,N,N,N,N
State,36,New York,Bexsero,"Meningococcal B Vaccine,4-Comp",37,69,69,14383.64,50,,45,45,9542.68,,36,140.18,1736.88,N,N,N,N
State,36,New York,Boostrix Tdap,"Diphth,pertuss(Acell),tet Vac",5011,34231,34381,2148768.02,33736,,29799,29928,1847273.13,,29350,47121.99,687880.19,N,N,N,N
State,36,New York,Cozaar,Losartan Potassium,671,2935,5479.9,759640.06,647,,2871,5357.9,743720.14,,628,4300.87,121866.76,N,N,N,N
State,36,New York,Engerix-B Adult,Hepatitis B Virus Vaccine/Pf,84,133,136,11127.41,88,,113,116,9694.81,,76,238.23,4067.61,N,N,N,N
State,36,New York,Gardasil 9,Hpv Vaccine 9-Valent/Pf,78,156,162,36857.39,98,,45,47,10728.15,,26,201.7,3558.77,N,N,N,N
State,36,New York,Glucophage,Metformin Hcl,178,367,505.8,41509.06,188,,337,475.8,38913.19,,174,531.58,8528.75,N,N,N,N
State,36,New York,Glucophage Xr,Metformin Hcl,220,402,621.2,47618.63,219,,384,600.5,45930.96,,208,474.13,12622.73,N,N,N,N
State,36,New York,Glumetza,Metformin Hcl,230,1175,1982.4,9695026.45,257,,976,1640.2,7891686.55,,212,391.26,85147.58,N,N,N,N
State,36,New York,Havrix,Hepatitis A Virus Vaccine/Pf,567,1409,1461,122674.55,1295,,1290,1337,113295.73,,1185,566.29,40662.07,N,N,N,N
State,36,New York,Ixiaro,Japanese Encephalitis Vacc/Pf,8,20,20,7882.6,11,,20,20,7882.6,,11,7.6,2674.78,N,N,N,N
State,36,New York,Kapspargo Sprinkle,Metoprolol Succinate,394,761,1011,43671.24,415,,689,915,39228.39,,366,815.61,9176.94,N,N,N,N
State,36,New York,Levo-T,Levothyroxine Sodium,10,23,39,354.51,,"#",,,,*,,5.26,44.65,N,N,N,N
State,36,New York,Levothyroxine Sodium,Levothyroxine Sodium,33391,2411888,4629210.3,47271865.59,435362,,2082552,4115448.1,41520290.43,,385113,871626.55,10500114.56,N,N,N,N
State,36,New York,Levoxyl,Levothyroxine Sodium,1483,11436,23362.6,360153.86,2321,,10509,21870.7,335250.37,,2145,3609.69,112652.77,N,N,N,N
State,36,New York,Lipitor,Atorvastatin Calcium,2058,9730,22223.7,8263606.85,2452,,9452,21746.3,8069829.84,,2384,6813.07,388187.58,N,N,N,N
State,36,New York,Lisinopril,Lisinopril,36161,1887686,3885383.5,13368711.88,424427,,1605696,3394885.5,11777458.23,,366598,588800.72,3459153.21,N,N,N,N
State,36,New York,Losartan Potassium,Losartan Potassium,33255,1849220,3770296.2,17985116.55,427910,,1695121,3497258.7,16778531.88,,393927,567282.65,4509090.79,N,N,N,N
State,36,New York,M-M-R Ii Vaccine,"Measles,mumps,rubella Vacc/Pf",1248,2344,2348,234241.97,2131,,1556,1560,155992.63,,1426,4228.06,60941.46,N,N,N,N
State,36,New York,Menactra,"Mening Vac A,c,y,w-135 Dip/Pf",304,556,556,83371.93,524,,360,360,54036.53,,346,1139.84,12977.02,N,N,N,N
State,36,New York,Menveo A-C-Y-W-135-Dip,"Mening Vac A,c,y,w-135 Dip/Pf",51,73,73,10713.7,69,,48,48,7527.05,,45,71.1,1403.87,N,N,N,N
State,36,New York,Metformin Er Gastric,Metformin Hcl,3122,26163,42208.6,82027479.27,6223,,21317,34747.5,67306690.41,,5108,86446.34,823978.33,N,N,N,N
State,36,New York,Metformin Er Osmotic,Metformin Hcl,2644,9579,16328.5,7572491.34,3032,,7646,13462.6,6095286.87,,2438,13569.57,232336.32,N,N,N,N
State,36,New York,Metformin Hcl,Metformin Hcl,31075,1652966,3164109.4,11947607.02,354236,,1385687,2731634.2,10274820.94,,302127,555489.8,2466114.75,N,N,N,N
State,36,New York,Metformin Hcl Er,Metformin Hcl,18411,489829,1035807.2,5911164.7,121346,,419225,914275.9,5189159.02,,105392,139540.26,1365718.74,N,N,N,N
State,36,New York,Metoprolol Succinate,Metoprolol Succinate,36043,2095997,4224344.4,53072165.66,451071,,1906718,3900998.4,48901798.19,,413146,844347.38,12109037.33,N,N,N,N
State,36,New York,Norvasc,Amlodipine Besylate,1451,6689,13440,3100144.26,1460,,6473,13073,3018753.6,,1407,6685.55,259357.15,N,N,N,N
State,36,New York,Omeprazole,Omeprazole,37227,1871322,3325055,23660611.97,454872,,1514820,2785973.1,19663760.27,,380117,778043.46,6442043.65,N,N,N,N
State,36,New York,Prinivil,Lisinopril,89,336,788.5,44453.56,83,,336,788.5,44453.56,,83,82.2,14537.8,N,N,N,N
State,36,New York,Qbrelis,Lisinopril,7,21,25.7,57516.24,,"#",,,,*,,0,0,N,N,N,N
State,36,New York,Rabavert,Rabies Vaccine (Pcec)/Pf,20,36,36,12930.09,22,"#",,,,"#",,29.3,2593.92,N,N,N,N
State,36,New York,Recombivax Hb,Hepatitis B Virus Vaccine/Pf,36,42,42,4739.62,38,"#",,,,"#",,252.74,1133.3,N,N,N,N
State,36,New York,Riomet,Metformin Hcl,227,830,1058.5,581569.73,198,,589,752.9,406499.55,,145,826.1,14670.24,N,N,N,N
State,36,New York,Shingrix,Varicella-Zoster Ge/As01b/Pf,9350,340974,359516.6,55776027.41,233123,,327302,345254.2,53513722.45,,223391,251960.6,12901260.8,N,N,N,N
State,36,New York,Stamaril,Yellow Fever Vaccine Live/Pf,8,74,74,10978.49,74,"#",,,,"#",,0,3850.41,N,N,N,N
State,36,New York,Synthroid,Levothyroxine Sodium,14557,412547,913789.1,25147348.23,86176,,383156,861106,23376430.68,,80826,256481.05,11010465.97,N,N,N,N
State,36,New York,Tdvax,"Tetanus, Diphtheria Tox,adult",568,1163,1163,59046.12,1159,,1041,1041,52999.03,,1038,1408.85,24371.19,N,N,N,N
State,36,New York,Tenivac,Tetanus-Diphtheria Toxoids/Pf,913,1862,1862,107421.78,1849,,1654,1654,95423.56,,1641,2203.59,48452.88,N,N,N,N
State,36,New York,Tirosint,Levothyroxine Sodium,860,4255,6987.7,881761.5,983,,3338,5709.6,703051.49,,785,6132.57,158131.65,N,N,N,N
State,36,New York,Tirosint-Sol,Levothyroxine Sodium,31,75,113,14698.64,27,,48,77,9755.33,"#",,127.85,3581.11,N,N,N,N
State,36,New York,Toprol Xl,Metoprolol Succinate,8337,75334,212003.6,4178177.49,21779,,73239,206242.7,4053833.62,,21120,13710.58,1266926.26,N,N,N,N
State,36,New York,Trumenba,"N.Meningitidis B,lipid Fhbp Rc",18,33,35,5288.11,23,"#",,,,"#",,19.9,1189.99,N,N,N,N
State,36,New York,Twinrix,Hepatitis A And B Vaccine/Pf,339,839,841,107896.05,554,,576,578,75177.05,,377,1159.29,23714.32,N,N,N,N
State,36,New York,Typhim Vi,Typhoid Vi Polysacch Vaccine,221,534,534,62334.07,528,,508,508,59041.23,,503,301.83,18974.11,N,N,N,N
State,36,New York,Unithroid,Levothyroxine Sodium,432,2276,5053,71835.25,636,,2000,4516.2,61158.38,,555,750.76,25457.46,N,N,N,N
State,36,New York,Vaqta,Hepatitis A Virus Vaccine/Pf,555,887,889,86174.11,818,,705,707,67851.29,,645,1691.37,37181.59,N,N,N,N
State,36,New York,Varivax Vaccine,Varicella Vaccine Live/Pf,148,219,224,34115.17,198,,139,139,21708.43,,126,472.5,5224.79,N,N,N,N
State,36,New York,Yf-Vax,Yellow Fever Vaccine Live/Pf,8,15,15,3758.34,15,,15,15,3758.34,,15,20.8,1455.7,N,N,N,N
State,36,New York,Zestril,Lisinopril,163,591,1238.5,580763.78,137,,577,1212.5,554978.75,"#",,549.51,39496.67,N,N,N,N
State,36,New York,Zostavax,Zoster Vaccine Live/Pf,467,1220,1250.3,269232.95,1199,,1144,1172.3,252138.35,,1123,3184.02,23990.1,N,N,N,N
National,,National,Adacel Tdap,"Diph,pertuss(Acell),tet Vac/Pf",35940,182314,182889.5,11031680,181717,,158720,159231.5,9566781.44,,158244,178994.64,3890617.08,N,N,N,N
National,,National,Amlodipine Besylate,Amlodipine Besylate,534153,42259477,90557842.9,309204291.16,9542400,,37422930,81695766.2,279743010.77,,8500685,13977431.97,111938656.94,N,N,N,N
National,,National,Atorvastatin Calcium,Atorvastatin Calcium,526121,54668647,124025881.4,918444401.1,12984063,,47376499,110088254.7,812667054.17,,11393498,18140127.33,232311656.18,N,N,N,N
National,,National,Bexsero,"Meningococcal B Vaccine,4-Comp",1156,2218,2245,431385.71,1679,,1764,1787.5,345597.31,,1340,3851.11,97085.55,N,N,N,N
National,,National,Boostrix Tdap,"Diphth,pertuss(Acell),tet Vac",80906,571388,577440.4,34969878.4,568554,,506492,511757.4,30743446.2,,504037,651798.66,15885245.55,N,N,N,N
National,,National,Cozaar,Losartan Potassium,5728,22530,44677.9,6262893.34,5177,,21560,42870.2,6009000.7,,4925,26285.9,1243614.05,N,N,N,N
National,,National,Engerix-B Adult,Hepatitis B Virus Vaccine/Pf,1693,3731,3774.9,303606.31,2330,,2827,2863.9,231741.69,,1769,4113.47,71829.99,N,N,N,N
National,,National,Fortamet,Metformin Hcl,19,33,36,53842.54,18,,20,23,36448.21,"#",,72.64,145,N,N,N,N
National,,National,Gardasil 9,Hpv Vaccine 9-Valent/Pf,1214,2328,2367.2,589763.14,1467,,551,568.3,134333.18,,326,6259.94,47252.56,N,N,N,N
National,,National,Glucophage,Metformin Hcl,1043,2029,2989.9,253054.14,1069,,1839,2733.1,229852.59,,969,3557.05,63890.6,N,N,N,N
National,,National,Glucophage Xr,Metformin Hcl,1730,3420,5115.6,370156.33,1793,,3135,4734.6,342964.95,,1653,4175.62,123149.05,N,N,N,N
National,,National,Glumetza,Metformin Hcl,1297,5722,10241.7,46632697.81,1290,,4668,8562.5,38472108.85,,1041,4551.58,380300.01,N,N,N,N
National,,National,Havrix,Hepatitis A Virus Vaccine/Pf,16562,146878,149521.1,12918913.19,129931,,128719,130920.2,11320366.54,,113647,148641.9,5320677.46,N,N,N,N
National,,National,Imovax Rabies Vaccine,"Rabies Vacc, Human Diploid/Pf",87,211,211,78818.54,102,,183,183,66951.95,,89,96.6,9881.95,N,N,N,N
National,,National,Ixiaro,Japanese Encephalitis Vacc/Pf,336,983,985,302034.11,610,,920,922,284582.11,,571,778.1,82597.87,N,N,N,N
National,,National,Kapspargo Sprinkle,Metoprolol Succinate,4475,11996,14482.1,583464.52,5179,,10803,13137.5,524967.63,,4646,9976.77,141059.75,N,N,N,N
National,,National,Levo-T,Levothyroxine Sodium,2663,45348,63076.4,713326.92,14680,,38496,53750.7,604244.66,,12516,522.43,37208.74,N,N,N,N
National,,National,Levothyroxine Sodium,Levothyroxine Sodium,462878,41307365,85709463.3,819227784.31,7858033,,35884135,76320431.8,720308395.21,,6966153,14711986.44,228739853.05,N,N,N,N
National,,National,Levoxyl,Levothyroxine Sodium,25296,162706,358135.6,5664325.49,39107,,146787,330126.1,5162147.99,,35599,39651.03,2192158.85,N,N,N,N
National,,National,Lipitor,Atorvastatin Calcium,18790,87858,208340,77079222.62,22754,,84732,202578,74857100.1,,21810,55883.66,3207477.08,N,N,N,N
National,,National,Lisinopril,Lisinopril,516209,37161582,82869449.5,286792954.84,8610957,,31478283,72035566.1,249402334.33,,7393477,12301001.86,93308215.98,N,N,N,N
National,,National,Losartan Potassium,Losartan Potassium,444219,26958755,61154260.3,293682975.75,6627066,,24377520,56085491.3,270460446.95,,6022045,8139930.5001,96270911.61,N,N,N,N
National,,National,M-M-R Ii Vaccine,"Measles,mumps,rubella Vacc/Pf",17195,61156,61635.2,5839365.84,57112,,46927,47280.1,4475512.74,,43980,84718.22,1842713.01,N,N,N,N
National,,National,Menactra,"Mening Vac A,c,y,w-135 Dip/Pf",3443,7486,7526.4,1147795.53,6774,,5113,5137.5,772473.78,,4671,13549.41,209234.71,N,N,N,N
National,,National,Menveo A-C-Y-W-135-Dip,"Mening Vac A,c,y,w-135 Dip/Pf",1087,2460,2466.3,349831.48,2196,,1785,1789.5,259117.84,,1607,2337.9,62567.76,N,N,N,N
National,,National,Metformin Er Gastric,Metformin Hcl,16484,91962,139435.2,256950432.62,24190,,69054,107921.9,194763079.37,,18123,176229.25,2233548.97,N,N,N,N
National,,National,Metformin Er Osmotic,Metformin Hcl,24812,88139,156752.9,72774495.36,28356,,68403,126706.1,56489513.33,,22021,91689.43,1849938.29,N,N,N,N
National,,National,Metformin Hcl,Metformin Hcl,410715,24154735,52675089.3,194650579.95,5618441,,19938451,44906366.3,164289733.99,,4730576,8417745.18,51287346.16,N,N,N,N
National,,National,Metformin Hcl Er,Metformin Hcl,255503,6825166,15578921.6,85630719.12,1772382,,5748762,13546487.3,73718348.12,,1514671,2121030.29,24122781.77,N,N,N,N
National,,National,Metoprolol Succinate,Metoprolol Succinate,444626,23668153,50426226.1,665262028.25,5282953,,21215258,45930957.7,602867870.97,,4766170,9664674.51,190116853.61,N,N,N,N
National,,National,Norvasc,Amlodipine Besylate,11025,50923,103315.8,24076817.88,11150,,48781,99566.6,23141194.13,,10651,66878.59,2366449.03,N,N,N,N
National,,National,Omeprazole,Omeprazole,506788,28101133,55385390.1,407124796.38,6826692,,22481883,45980140,334018023.36,,5631511,12558337.32,128667678.5,N,N,N,N
National,,National,Prinivil,Lisinopril,1065,3748,7989.3,516547.99,923,,3632,7766.6,501891.93,,889,2690.85,188087.31,N,N,N,N
National,,National,Qbrelis,Lisinopril,145,503,569.6,676706.29,121,,203,243.4,275232.17,,61,1341.52,2935.62,N,N,N,N
National,,National,Rabavert,Rabies Vaccine (Pcec)/Pf,297,592,592,261069.22,334,,519,519,213844.93,,291,420.9,27309.3,N,N,N,N
National,,National,Recombivax Hb,Hepatitis B Virus Vaccine/Pf,286,376,376,56802.96,307,,246,246,34689.43,,200,1205.55,8957.74,N,N,N,N
National,,National,Riomet,Metformin Hcl,1840,6527,8703.5,4692784.03,1631,,3944,5254.7,2766992.58,,1052,9093.83,140924.46,N,N,N,N
National,,National,Shingrix,Varicella-Zoster Ge/As01b/Pf,149095,5769012,5870804.6,958929650.65,3852708,,5505846,5602033.8,914959066.12,,3667573,4256486.62,326122954.86,N,N,N,N
National,,National,Stamaril,Yellow Fever Vaccine Live/Pf,288,1673,1677,288573.05,1670,,1627,1631,281239.18,,1624,213.6,120198.82,N,N,N,N
National,,National,Synthroid,Levothyroxine Sodium,204115,5138765,11120016.5,306505571.64,1062828,,4659221,10308034.4,278419879.5,,980058,2937321.12,146112211.79,N,N,N,N
National,,National,Tdvax,"Tetanus, Diphtheria Tox,adult",5721,16499,16570,686223.57,16431,,15083,15145,627582.66,,15026,8650.14,292939.19,N,N,N,N
National,,National,Tenivac,Tetanus-Diphtheria Toxoids/Pf,17498,42463,42587.3,2179994.07,42350,,38426,38542.3,1952105.64,,38326,32892.48,958666.45,N,N,N,N
National,,National,Tirosint,Levothyroxine Sodium,12393,65075,105710.2,13581102.27,14687,,50690,84870.9,10607282.2,,11651,97378.91,3161826.88,N,N,N,N
National,,National,Tirosint-Sol,Levothyroxine Sodium,554,1443,1908.3,278584.47,535,,798,1085.8,153602.43,,331,2227.4,42248.32,N,N,N,N
National,,National,Toprol Xl,Metoprolol Succinate,92059,704706,2002746.5,37620940.17,200445,,687219,1957750.7,36552404.74,,195210,108841.7,12738222.49,N,N,N,N
National,,National,Trumenba,"N.Meningitidis B,lipid Fhbp Rc",466,780,789,131510.78,603,,596,605,101579.14,,451,954.61,29919.33,N,N,N,N
National,,National,Twinrix,Hepatitis A And B Vaccine/Pf,12000,66805,67206.2,8363524.55,40801,,53320,53626.2,6635866.17,,32266,100655.57,2186328.04,N,N,N,N
National,,National,Typhim Vi,Typhoid Vi Polysacch Vaccine,5174,20297,20488,2250330.13,20238,,19425,19599,2152846.53,,19371,7111.9,805874.18,N,N,N,N
National,,National,Unithroid,Levothyroxine Sodium,6292,44525,95948.1,1497583.79,11841,,38347,84748.2,1277963.84,,10184,19449.82,608286.69,N,N,N,N
National,,National,Vaqta,Hepatitis A Virus Vaccine/Pf,8833,46593,46857.2,4238051.48,42104,,40298,40510.2,3637557.84,,36353,55915.62,1805405.43,N,N,N,N
National,,National,Varivax Vaccine,Varicella Vaccine Live/Pf,989,1889,1918.9,289096.07,1578,,989,997,151017.09,,842,4346.05,44065.62,N,N,N,N
National,,National,Yf-Vax,Yellow Fever Vaccine Live/Pf,157,360,360,74117.16,360,,348,348,72074.59,,348,73.8,29602.99,N,N,N,N
National,,National,Zestril,Lisinopril,1320,6229,11761.4,5488732.1,1340,,5736,11020.8,5152885.64,,1233,7317.45,456136.42,N,N,N,N
National,,National,Zostavax,Zoster Vaccine Live/Pf,3162,6931,7132.3,1617861.63,6843,,6166,6360.2,1439900.62,,6085,15816.04,160998.01,N,N,N,N
